Date,Moon Phase
2019-03-06,Waning Crescent
2019-03-07,New Moon
2019-03-08,New Moon
2019-03-09,New Moon
2019-03-10,New Moon
2019-03-11,Waxing Crescent
2019-03-12,Waxing Crescent
2019-03-13,Waxing Crescent
2019-03-14,Waxing Crescent
2019-03-15,First Quarter
2019-03-16,First Quarter
2019-03-17,First Quarter
2019-03-18,Waxing Gibbous
2019-03-19,Waxing Gibbous
2019-03-20,Waxing Gibbous
2019-03-21,Waxing Gibbous
2019-03-22,Full Moon
2019-03-23,Full Moon
2019-03-24,Full Moon
2019-03-25,Waning Gibbous
2019-03-26,Waning Gibbous
2019-03-27,Waning Gibbous
2019-03-28,Waning Gibbous
2019-03-29,Last Quarter
2019-03-30,Last Quarter
2019-03-31,Last Quarter
2019-04-01,Last Quarter
2019-04-02,Last Quarter
2019-04-03,Waning Crescent
2019-04-04,Waning Crescent
2019-04-05,New Moon
2019-04-06,New Moon
2019-04-07,New Moon
2019-04-08,New Moon
2019-04-09,Waxing Crescent
2019-04-10,Waxing Crescent
2019-04-11,Waxing Crescent
2019-04-12,Waxing Crescent
2019-04-13,First Quarter
2019-04-14,First Quarter
2019-04-15,First Quarter
2019-04-16,First Quarter
2019-04-17,Waxing Gibbous
2019-04-18,Waxing Gibbous
2019-04-19,Waxing Gibbous
2019-04-20,Full Moon
2019-04-21,Full Moon
2019-04-22,Full Moon
2019-04-23,Full Moon
2019-04-24,Waning Gibbous
2019-04-25,Waning Gibbous
2019-04-26,Waning Gibbous
2019-04-27,Waning Gibbous
2019-04-28,Last Quarter
2019-04-29,Last Quarter
2019-04-30,Last Quarter
2019-05-01,Last Quarter
2019-05-02,Last Quarter
2019-05-03,Waning Crescent
2019-05-04,Waning Crescent
2019-05-05,New Moon
2019-05-06,New Moon
2019-05-07,New Moon
2019-05-08,New Moon
2019-05-09,Waxing Crescent
2019-05-10,Waxing Crescent
2019-05-11,Waxing Crescent
2019-05-12,First Quarter
2019-05-13,First Quarter
2019-05-14,First Quarter
2019-05-15,First Quarter
2019-05-16,Waxing Gibbous
2019-05-17,Waxing Gibbous
2019-05-18,Waxing Gibbous
2019-05-19,Waxing Gibbous
2019-05-20,Full Moon
2019-05-21,Full Moon
2019-05-22,Full Moon
2019-05-23,Full Moon
2019-05-24,Waning Gibbous
2019-05-25,Waning Gibbous
2019-05-26,Waning Gibbous
2019-05-27,Waning Gibbous
2019-05-28,Last Quarter
2019-05-29,Last Quarter
2019-05-30,Last Quarter
2019-05-31,Last Quarter
2019-06-01,Waning Crescent
2019-06-02,Waning Crescent
2019-06-03,New Moon
2019-06-04,New Moon
2019-06-05,New Moon
2019-06-06,New Moon
2019-06-07,Waxing Crescent
2019-06-08,Waxing Crescent
2019-06-09,Waxing Crescent
2019-06-10,Waxing Crescent
2019-06-11,First Quarter
2019-06-12,First Quarter
2019-06-13,First Quarter
2019-06-14,Waxing Gibbous
2019-06-15,Waxing Gibbous
2019-06-16,Waxing Gibbous
2019-06-17,Waxing Gibbous
2019-06-18,Full Moon
2019-06-19,Full Moon
2019-06-20,Full Moon
2019-06-21,Full Moon
2019-06-22,Waning Gibbous
2019-06-23,Waning Gibbous
2019-06-24,Waning Gibbous
2019-06-25,Waning Gibbous
2019-06-26,Waning Gibbous
2019-06-27,Last Quarter
2019-06-28,Last Quarter
2019-06-29,Last Quarter
2019-06-30,Last Quarter
2019-07-01,Waning Crescent
2019-07-02,Waning Crescent
2019-07-03,New Moon
2019-07-04,New Moon
2019-07-05,New Moon
2019-07-06,Waxing Crescent
2019-07-07,Waxing Crescent
2019-07-08,Waxing Crescent
2019-07-09,Waxing Crescent
2019-07-10,First Quarter
2019-07-11,First Quarter
2019-07-12,First Quarter
2019-07-13,First Quarter
2019-07-14,Waxing Gibbous
2019-07-15,Waxing Gibbous
2019-07-16,Waxing Gibbous
2019-07-17,Waxing Gibbous
2019-07-18,Full Moon
2019-07-19,Full Moon
2019-07-20,Full Moon
2019-07-21,Full Moon
2019-07-22,Waning Gibbous
2019-07-23,Waning Gibbous
2019-07-24,Waning Gibbous
2019-07-25,Waning Gibbous
2019-07-26,Last Quarter
2019-07-27,Last Quarter
2019-07-28,Last Quarter
2019-07-29,Last Quarter
2019-07-30,Waning Crescent
2019-07-31,Waning Crescent
2019-08-01,New Moon
2019-08-02,New Moon
2019-08-03,New Moon
2019-08-04,New Moon
2019-08-05,Waxing Crescent
2019-08-06,Waxing Crescent
2019-08-07,Waxing Crescent
2019-08-08,First Quarter
2019-08-09,First Quarter
2019-08-10,First Quarter
2019-08-11,First Quarter
2019-08-12,Waxing Gibbous
2019-08-13,Waxing Gibbous
2019-08-14,Waxing Gibbous
2019-08-15,Waxing Gibbous
2019-08-16,Full Moon
2019-08-17,Full Moon
2019-08-18,Full Moon
2019-08-19,Full Moon
2019-08-20,Full Moon
2019-08-21,Waning Gibbous
2019-08-22,Waning Gibbous
2019-08-23,Waning Gibbous
2019-08-24,Waning Gibbous
2019-08-25,Last Quarter
2019-08-26,Last Quarter
2019-08-27,Last Quarter
2019-08-28,Last Quarter
2019-08-29,Waning Crescent
2019-08-30,Waning Crescent
2019-08-31,New Moon
2019-09-01,New Moon
2019-09-02,New Moon
2019-09-03,Waxing Crescent
2019-09-04,Waxing Crescent
2019-09-05,Waxing Crescent
2019-09-06,Waxing Crescent
2019-09-07,First Quarter
2019-09-08,First Quarter
2019-09-09,First Quarter
2019-09-10,First Quarter
2019-09-11,Waxing Gibbous
2019-09-12,Waxing Gibbous
2019-09-13,Waxing Gibbous
2019-09-14,Waxing Gibbous
2019-09-15,Full Moon
2019-09-16,Full Moon
2019-09-17,Full Moon
2019-09-18,Full Moon
2019-09-19,Waning Gibbous
2019-09-20,Waning Gibbous
2019-09-21,Waning Gibbous
2019-09-22,Waning Gibbous
2019-09-23,Last Quarter
2019-09-24,Last Quarter
2019-09-25,Last Quarter
2019-09-26,Last Quarter
2019-09-27,Waning Crescent
2019-09-28,Waning Crescent
2019-09-29,New Moon
2019-09-30,New Moon
2019-10-01,New Moon
2019-10-02,Waxing Crescent
2019-10-03,Waxing Crescent
2019-10-04,Waxing Crescent
2019-10-05,Waxing Crescent
2019-10-06,First Quarter
2019-10-07,First Quarter
2019-10-08,First Quarter
2019-10-09,First Quarter
2019-10-10,Waxing Gibbous
2019-10-11,Waxing Gibbous
2019-10-12,Waxing Gibbous
2019-10-13,Waxing Gibbous
2019-10-14,Waxing Gibbous
2019-10-15,Full Moon
2019-10-16,Full Moon
2019-10-17,Full Moon
2019-10-18,Full Moon
2019-10-19,Waning Gibbous
2019-10-20,Waning Gibbous
2019-10-21,Waning Gibbous
2019-10-22,Waning Gibbous
2019-10-23,Last Quarter
2019-10-24,Last Quarter
2019-10-25,Last Quarter
2019-10-26,Waning Crescent
2019-10-27,Waning Crescent
2019-10-28,New Moon
2019-10-29,New Moon
2019-10-30,New Moon
2019-10-31,New Moon
2019-11-01,Waxing Crescent
2019-11-02,Waxing Crescent
2019-11-03,Waxing Crescent
2019-11-04,Waxing Crescent
2019-11-05,First Quarter
2019-11-06,First Quarter
2019-11-07,First Quarter
2019-11-08,First Quarter
2019-11-09,Waxing Gibbous
2019-11-10,Waxing Gibbous
2019-11-11,Waxing Gibbous
2019-11-12,Waxing Gibbous
2019-11-13,Full Moon
2019-11-14,Full Moon
2019-11-15,Full Moon
2019-11-16,Full Moon
2019-11-17,Waning Gibbous
2019-11-18,Waning Gibbous
2019-11-19,Waning Gibbous
2019-11-20,Waning Gibbous
2019-11-21,Last Quarter
2019-11-22,Last Quarter
2019-11-23,Last Quarter
2019-11-24,Last Quarter
2019-11-25,Waning Crescent
2019-11-26,Waning Crescent
2019-11-27,New Moon
2019-11-28,New Moon
2019-11-29,New Moon
2019-11-30,New Moon
2019-12-01,Waxing Crescent
2019-12-02,Waxing Crescent
2019-12-03,Waxing Crescent
2019-12-04,Waxing Crescent
2019-12-05,First Quarter
2019-12-06,First Quarter
2019-12-07,First Quarter
2019-12-08,First Quarter
2019-12-09,Waxing Gibbous
2019-12-10,Waxing Gibbous
2019-12-11,Waxing Gibbous
2019-12-12,Waxing Gibbous
2019-12-13,Full Moon
2019-12-14,Full Moon
2019-12-15,Full Moon
2019-12-16,Full Moon
2019-12-17,Waning Gibbous
2019-12-18,Waning Gibbous
2019-12-19,Waning Gibbous
2019-12-20,Last Quarter
2019-12-21,Last Quarter
2019-12-22,Last Quarter
2019-12-23,Last Quarter
2019-12-24,Waning Crescent
2019-12-25,Waning Crescent
2019-12-26,New Moon
2019-12-27,New Moon
2019-12-28,New Moon
2019-12-29,New Moon
2019-12-30,Waxing Crescent
2019-12-31,Waxing Crescent
2020-01-01,Waxing Crescent
2020-01-02,Waxing Crescent
2020-01-03,Waxing Crescent
2020-01-04,First Quarter
2020-01-05,First Quarter
2020-01-06,First Quarter
2020-01-07,First Quarter
2020-01-08,Waxing Gibbous
2020-01-09,Waxing Gibbous
2020-01-10,Waxing Gibbous
2020-01-11,Waxing Gibbous
2020-01-12,Full Moon
2020-01-13,Full Moon
2020-01-14,Full Moon
2020-01-15,Waning Gibbous
2020-01-16,Waning Gibbous
2020-01-17,Waning Gibbous
2020-01-18,Waning Gibbous
2020-01-19,Last Quarter
2020-01-20,Last Quarter
2020-01-21,Last Quarter
2020-01-22,Last Quarter
2020-01-23,Waning Crescent
2020-01-24,Waning Crescent
2020-01-25,New Moon
2020-01-26,New Moon
2020-01-27,New Moon
2020-01-28,New Moon
2020-01-29,Waxing Crescent
2020-01-30,Waxing Crescent
2020-01-31,Waxing Crescent
2020-02-01,Waxing Crescent
2020-02-02,Waxing Crescent
2020-02-03,First Quarter
2020-02-04,First Quarter
2020-02-05,First Quarter
2020-02-06,Waxing Gibbous
2020-02-07,Waxing Gibbous
2020-02-08,Waxing Gibbous
2020-02-09,Waxing Gibbous
2020-02-10,Full Moon
2020-02-11,Full Moon
2020-02-12,Full Moon
2020-02-13,Waning Gibbous
2020-02-14,Waning Gibbous
2020-02-15,Waning Gibbous
2020-02-16,Waning Gibbous
2020-02-17,Last Quarter
2020-02-18,Last Quarter
2020-02-19,Last Quarter
2020-02-20,Last Quarter
2020-02-21,Waning Crescent
2020-02-22,Waning Crescent
2020-02-23,Waning Crescent
2020-02-24,New Moon
2020-02-25,New Moon
2020-02-26,New Moon
2020-02-27,New Moon
2020-02-28,Waxing Crescent
2020-02-29,Waxing Crescent
2020-03-01,Waxing Crescent
2020-03-02,Waxing Crescent
2020-03-03,First Quarter
2020-03-04,First Quarter
2020-03-05,First Quarter
2020-03-06,First Quarter
2020-03-07,Waxing Gibbous
2020-03-08,Waxing Gibbous
2020-03-09,Waxing Gibbous
2020-03-10,Waxing Gibbous
2020-03-11,Full Moon
2020-03-12,Full Moon
2020-03-13,Full Moon
2020-03-14,Waning Gibbous
2020-03-15,Waning Gibbous
2020-03-16,Waning Gibbous
2020-03-17,Waning Gibbous
2020-03-18,Last Quarter
2020-03-19,Last Quarter
2020-03-20,Last Quarter
2020-03-21,Last Quarter
2020-03-22,Waning Crescent
2020-03-23,Waning Crescent
2020-03-24,New Moon
2020-03-25,New Moon
2020-03-26,New Moon
2020-03-27,New Moon
2020-03-28,New Moon
2020-03-29,Waxing Crescent
2020-03-30,Waxing Crescent
2020-03-31,Waxing Crescent
2020-04-01,Waxing Crescent
2020-04-02,First Quarter
2020-04-03,First Quarter
2020-04-04,First Quarter
2020-04-05,Waxing Gibbous
2020-04-06,Waxing Gibbous
2020-04-07,Waxing Gibbous
2020-04-08,Waxing Gibbous
2020-04-09,Full Moon
2020-04-10,Full Moon
2020-04-11,Full Moon
2020-04-12,Waning Gibbous
2020-04-13,Waning Gibbous
2020-04-14,Waning Gibbous
2020-04-15,Waning Gibbous
2020-04-16,Last Quarter
2020-04-17,Last Quarter
2020-04-18,Last Quarter
2020-04-19,Last Quarter
2020-04-20,Waning Crescent
2020-04-21,Waning Crescent
2020-04-22,Waning Crescent
2020-04-23,New Moon
2020-04-24,New Moon
2020-04-25,New Moon
2020-04-26,New Moon
2020-04-27,Waxing Crescent
2020-04-28,Waxing Crescent
2020-04-29,Waxing Crescent
2020-04-30,Waxing Crescent
2020-05-01,First Quarter
2020-05-02,First Quarter
2020-05-03,First Quarter
2020-05-04,First Quarter
2020-05-05,Waxing Gibbous
2020-05-06,Waxing Gibbous
2020-05-07,Waxing Gibbous
2020-05-08,Full Moon
2020-05-09,Full Moon
2020-05-10,Full Moon
2020-05-11,Full Moon
2020-05-12,Waning Gibbous
2020-05-13,Waning Gibbous
2020-05-14,Waning Gibbous
2020-05-15,Waning Gibbous
2020-05-16,Last Quarter
2020-05-17,Last Quarter
2020-05-18,Last Quarter
2020-05-19,Last Quarter
2020-05-20,Waning Crescent
2020-05-21,Waning Crescent
2020-05-22,Waning Crescent
2020-05-23,New Moon
2020-05-24,New Moon
2020-05-25,New Moon
2020-05-26,New Moon
2020-05-27,Waxing Crescent
2020-05-28,Waxing Crescent
2020-05-29,Waxing Crescent
2020-05-30,Waxing Crescent
2020-05-31,First Quarter
2020-06-01,First Quarter
2020-06-02,First Quarter
2020-06-03,Waxing Gibbous
2020-06-04,Waxing Gibbous
2020-06-05,Waxing Gibbous
2020-06-06,Waxing Gibbous
2020-06-07,Full Moon
2020-06-08,Full Moon
2020-06-09,Full Moon
2020-06-10,Waning Gibbous
2020-06-11,Waning Gibbous
2020-06-12,Waning Gibbous
2020-06-13,Waning Gibbous
2020-06-14,Waning Gibbous
2020-06-15,Last Quarter
2020-06-16,Last Quarter
2020-06-17,Last Quarter
2020-06-18,Last Quarter
2020-06-19,Waning Crescent
2020-06-20,Waning Crescent
2020-06-21,New Moon
2020-06-22,New Moon
2020-06-23,New Moon
2020-06-24,New Moon
2020-06-25,Waxing Crescent
2020-06-26,Waxing Crescent
2020-06-27,Waxing Crescent
2020-06-28,Waxing Crescent
2020-06-29,First Quarter
2020-06-30,First Quarter
2020-07-01,First Quarter
2020-07-02,Waxing Gibbous
2020-07-03,Waxing Gibbous
2020-07-04,Waxing Gibbous
2020-07-05,Waxing Gibbous
2020-07-06,Full Moon
2020-07-07,Full Moon
2020-07-08,Full Moon
2020-07-09,Full Moon
2020-07-10,Waning Gibbous
2020-07-11,Waning Gibbous
2020-07-12,Waning Gibbous
2020-07-13,Waning Gibbous
2020-07-14,Last Quarter
2020-07-15,Last Quarter
2020-07-16,Last Quarter
2020-07-17,Last Quarter
2020-07-18,Waning Crescent
2020-07-19,Waning Crescent
2020-07-20,Waning Crescent
2020-07-21,New Moon
2020-07-22,New Moon
2020-07-23,New Moon
2020-07-24,Waxing Crescent
2020-07-25,Waxing Crescent
2020-07-26,Waxing Crescent
2020-07-27,Waxing Crescent
2020-07-28,First Quarter
2020-07-29,First Quarter
2020-07-30,First Quarter
2020-07-31,First Quarter
2020-08-01,Waxing Gibbous
2020-08-02,Waxing Gibbous
2020-08-03,Waxing Gibbous
2020-08-04,Full Moon
2020-08-05,Full Moon
2020-08-06,Full Moon
2020-08-07,Full Moon
2020-08-08,Full Moon
2020-08-09,Waning Gibbous
2020-08-10,Waning Gibbous
2020-08-11,Waning Gibbous
2020-08-12,Waning Gibbous
2020-08-13,Last Quarter
2020-08-14,Last Quarter
2020-08-15,Last Quarter
2020-08-16,Last Quarter
2020-08-17,Waning Crescent
2020-08-18,Waning Crescent
2020-08-19,New Moon
2020-08-20,New Moon
2020-08-21,New Moon
2020-08-22,New Moon
2020-08-23,Waxing Crescent
2020-08-24,Waxing Crescent
2020-08-25,Waxing Crescent
2020-08-26,First Quarter
2020-08-27,First Quarter
2020-08-28,First Quarter
2020-08-29,First Quarter
2020-08-30,Waxing Gibbous
2020-08-31,Waxing Gibbous
2020-09-01,Waxing Gibbous
2020-09-02,Waxing Gibbous
2020-09-03,Full Moon
2020-09-04,Full Moon
2020-09-05,Full Moon
2020-09-06,Full Moon
2020-09-07,Waning Gibbous
2020-09-08,Waning Gibbous
2020-09-09,Waning Gibbous
2020-09-10,Waning Gibbous
2020-09-11,Waning Gibbous
2020-09-12,Last Quarter
2020-09-13,Last Quarter
2020-09-14,Last Quarter
2020-09-15,Waning Crescent
2020-09-16,Waning Crescent
2020-09-17,Waning Crescent
2020-09-18,New Moon
2020-09-19,New Moon
2020-09-20,New Moon
2020-09-21,Waxing Crescent
2020-09-22,Waxing Crescent
2020-09-23,Waxing Crescent
2020-09-24,Waxing Crescent
2020-09-25,First Quarter
2020-09-26,First Quarter
2020-09-27,First Quarter
2020-09-28,Waxing Gibbous
2020-09-29,Waxing Gibbous
2020-09-30,Waxing Gibbous
2020-10-01,Waxing Gibbous
2020-10-02,Waxing Gibbous
2020-10-03,Full Moon
2020-10-04,Full Moon
2020-10-05,Full Moon
2020-10-06,Full Moon
2020-10-07,Waning Gibbous
2020-10-08,Waning Gibbous
2020-10-09,Waning Gibbous
2020-10-10,Waning Gibbous
2020-10-11,Last Quarter
2020-10-12,Last Quarter
2020-10-13,Last Quarter
2020-10-14,Last Quarter
2020-10-15,Waning Crescent
2020-10-16,Waning Crescent
2020-10-17,New Moon
2020-10-18,New Moon
2020-10-19,New Moon
2020-10-20,Waxing Crescent
2020-10-21,Waxing Crescent
2020-10-22,Waxing Crescent
2020-10-23,Waxing Crescent
2020-10-24,First Quarter
2020-10-25,First Quarter
2020-10-26,First Quarter
2020-10-27,First Quarter
2020-10-28,Waxing Gibbous
2020-10-29,Waxing Gibbous
2020-10-30,Waxing Gibbous
2020-10-31,Waxing Gibbous
2020-11-01,Full Moon
2020-11-02,Full Moon
2020-11-03,Full Moon
2020-11-04,Full Moon
2020-11-05,Full Moon
2020-11-06,Waning Gibbous
2020-11-07,Waning Gibbous
2020-11-08,Waning Gibbous
2020-11-09,Waning Gibbous
2020-11-10,Last Quarter
2020-11-11,Last Quarter
2020-11-12,Last Quarter
2020-11-13,Waning Crescent
2020-11-14,Waning Crescent
2020-11-15,New Moon
2020-11-16,New Moon
2020-11-17,New Moon
2020-11-18,New Moon
2020-11-19,Waxing Crescent
2020-11-20,Waxing Crescent
2020-11-21,Waxing Crescent
2020-11-22,Waxing Crescent
2020-11-23,First Quarter
2020-11-24,First Quarter
2020-11-25,First Quarter
2020-11-26,First Quarter
2020-11-27,Waxing Gibbous
2020-11-28,Waxing Gibbous
2020-11-29,Waxing Gibbous
2020-11-30,Waxing Gibbous
2020-12-01,Full Moon
2020-12-02,Full Moon
2020-12-03,Full Moon
2020-12-04,Full Moon
2020-12-05,Waning Gibbous
2020-12-06,Waning Gibbous
2020-12-07,Waning Gibbous
2020-12-08,Waning Gibbous
2020-12-09,Last Quarter
2020-12-10,Last Quarter
2020-12-11,Last Quarter
2020-12-12,Last Quarter
2020-12-13,Waning Crescent
2020-12-14,Waning Crescent
2020-12-15,New Moon
2020-12-16,New Moon
2020-12-17,New Moon
2020-12-18,Waxing Crescent
2020-12-19,Waxing Crescent
2020-12-20,Waxing Crescent
2020-12-21,Waxing Crescent
2020-12-22,First Quarter
2020-12-23,First Quarter
2020-12-24,First Quarter
2020-12-25,First Quarter
2020-12-26,First Quarter
2020-12-27,Waxing Gibbous
2020-12-28,Waxing Gibbous
2020-12-29,Waxing Gibbous
2020-12-30,Waxing Gibbous
2020-12-31,Full Moon
2021-01-01,Full Moon
2021-01-02,Full Moon
2021-01-03,Full Moon
2021-01-04,Waning Gibbous
2021-01-05,Waning Gibbous
2021-01-06,Waning Gibbous
2021-01-07,Waning Gibbous
2021-01-08,Last Quarter
2021-01-09,Last Quarter
2021-01-10,Last Quarter
2021-01-11,Waning Crescent
2021-01-12,Waning Crescent
2021-01-13,New Moon
2021-01-14,New Moon
2021-01-15,New Moon
2021-01-16,New Moon
2021-01-17,Waxing Crescent
2021-01-18,Waxing Crescent
2021-01-19,Waxing Crescent
2021-01-20,Waxing Crescent
2021-01-21,First Quarter
2021-01-22,First Quarter
2021-01-23,First Quarter
2021-01-24,First Quarter
2021-01-25,First Quarter
2021-01-26,Waxing Gibbous
2021-01-27,Waxing Gibbous
2021-01-28,Waxing Gibbous
2021-01-29,Waxing Gibbous
2021-01-30,Full Moon
2021-01-31,Full Moon
2021-02-01,Full Moon
2021-02-02,Waning Gibbous
2021-02-03,Waning Gibbous
2021-02-04,Waning Gibbous
2021-02-05,Waning Gibbous
2021-02-06,Last Quarter
2021-02-07,Last Quarter
2021-02-08,Last Quarter
2021-02-09,Last Quarter
2021-02-10,Waning Crescent
2021-02-11,Waning Crescent
2021-02-12,New Moon
2021-02-13,New Moon
2021-02-14,New Moon
2021-02-15,New Moon
2021-02-16,Waxing Crescent
2021-02-17,Waxing Crescent
2021-02-18,Waxing Crescent
2021-02-19,Waxing Crescent
2021-02-20,First Quarter
2021-02-21,First Quarter
2021-02-22,First Quarter
2021-02-23,First Quarter
2021-02-24,Waxing Gibbous
2021-02-25,Waxing Gibbous
2021-02-26,Waxing Gibbous
2021-02-27,Waxing Gibbous
2021-02-28,Full Moon
2021-03-01,Full Moon
2021-03-02,Full Moon
2021-03-03,Full Moon
2021-03-04,Waning Gibbous
2021-03-05,Waning Gibbous
2021-03-06,Waning Gibbous
2021-03-07,Last Quarter
2021-03-08,Last Quarter
2021-03-09,Last Quarter
2021-03-10,Last Quarter
2021-03-11,Waning Crescent
2021-03-12,Waning Crescent
2021-03-13,New Moon
2021-03-14,New Moon
2021-03-15,New Moon
2021-03-16,New Moon
2021-03-17,New Moon
2021-03-18,Waxing Crescent
2021-03-19,Waxing Crescent
2021-03-20,Waxing Crescent
2021-03-21,Waxing Crescent
2021-03-22,First Quarter
2021-03-23,First Quarter
2021-03-24,First Quarter
2021-03-25,First Quarter
2021-03-26,Waxing Gibbous
2021-03-27,Waxing Gibbous
2021-03-28,Waxing Gibbous
2021-03-29,Waxing Gibbous
2021-03-30,Full Moon
2021-03-31,Full Moon
2021-04-01,Full Moon
2021-04-02,Waning Gibbous
2021-04-03,Waning Gibbous
2021-04-04,Waning Gibbous
2021-04-05,Waning Gibbous
2021-04-06,Last Quarter
2021-04-07,Last Quarter
2021-04-08,Last Quarter
2021-04-09,Last Quarter
2021-04-10,Waning Crescent
2021-04-11,Waning Crescent
2021-04-12,New Moon
2021-04-13,New Moon
2021-04-14,New Moon
2021-04-15,New Moon
2021-04-16,Waxing Crescent
2021-04-17,Waxing Crescent
2021-04-18,Waxing Crescent
2021-04-19,Waxing Crescent
2021-04-20,Waxing Crescent
2021-04-21,First Quarter
2021-04-22,First Quarter
2021-04-23,First Quarter
2021-04-24,Waxing Gibbous
2021-04-25,Waxing Gibbous
2021-04-26,Waxing Gibbous
2021-04-27,Waxing Gibbous
2021-04-28,Full Moon
2021-04-29,Full Moon
2021-04-30,Full Moon
2021-05-01,Waning Gibbous
2021-05-02,Waning Gibbous
2021-05-03,Waning Gibbous
2021-05-04,Waning Gibbous
2021-05-05,Last Quarter
2021-05-06,Last Quarter
2021-05-07,Last Quarter
2021-05-08,Last Quarter
2021-05-09,Waning Crescent
2021-05-10,Waning Crescent
2021-05-11,Waning Crescent
2021-05-12,New Moon
2021-05-13,New Moon
2021-05-14,New Moon
2021-05-15,New Moon
2021-05-16,Waxing Crescent
2021-05-17,Waxing Crescent
2021-05-18,Waxing Crescent
2021-05-19,Waxing Crescent
2021-05-20,First Quarter
2021-05-21,First Quarter
2021-05-22,First Quarter
2021-05-23,First Quarter
2021-05-24,Waxing Gibbous
2021-05-25,Waxing Gibbous
2021-05-26,Waxing Gibbous
2021-05-27,Full Moon
2021-05-28,Full Moon
2021-05-29,Full Moon
2021-05-30,Full Moon
2021-05-31,Waning Gibbous
2021-06-01,Waning Gibbous
2021-06-02,Waning Gibbous
2021-06-03,Waning Gibbous
2021-06-04,Last Quarter
2021-06-05,Last Quarter
2021-06-06,Last Quarter
2021-06-07,Last Quarter
2021-06-08,Waning Crescent
2021-06-09,Waning Crescent
2021-06-10,New Moon
2021-06-11,New Moon
2021-06-12,New Moon
2021-06-13,New Moon
2021-06-14,New Moon
2021-06-15,Waxing Crescent
2021-06-16,Waxing Crescent
2021-06-17,Waxing Crescent
2021-06-18,Waxing Crescent
2021-06-19,First Quarter
2021-06-20,First Quarter
2021-06-21,First Quarter
2021-06-22,Waxing Gibbous
2021-06-23,Waxing Gibbous
2021-06-24,Waxing Gibbous
2021-06-25,Waxing Gibbous
2021-06-26,Full Moon
2021-06-27,Full Moon
2021-06-28,Full Moon
2021-06-29,Waning Gibbous
2021-06-30,Waning Gibbous
2021-07-01,Waning Gibbous
2021-07-02,Waning Gibbous
2021-07-03,Last Quarter
2021-07-04,Last Quarter
2021-07-05,Last Quarter
2021-07-06,Last Quarter
2021-07-07,Last Quarter
2021-07-08,Waning Crescent
2021-07-09,Waning Crescent
2021-07-10,New Moon
2021-07-11,New Moon
2021-07-12,New Moon
2021-07-13,New Moon
2021-07-14,Waxing Crescent
2021-07-15,Waxing Crescent
2021-07-16,Waxing Crescent
2021-07-17,Waxing Crescent
2021-07-18,First Quarter
2021-07-19,First Quarter
2021-07-20,First Quarter
2021-07-21,Waxing Gibbous
2021-07-22,Waxing Gibbous
2021-07-23,Waxing Gibbous
2021-07-24,Waxing Gibbous
2021-07-25,Full Moon
2021-07-26,Full Moon
2021-07-27,Full Moon
2021-07-28,Full Moon
2021-07-29,Waning Gibbous
2021-07-30,Waning Gibbous
2021-07-31,Waning Gibbous
2021-08-01,Waning Gibbous
2021-08-02,Last Quarter
2021-08-03,Last Quarter
2021-08-04,Last Quarter
2021-08-05,Last Quarter
2021-08-06,Waning Crescent
2021-08-07,Waning Crescent
2021-08-08,Waning Crescent
2021-08-09,New Moon
2021-08-10,New Moon
2021-08-11,New Moon
2021-08-12,Waxing Crescent
2021-08-13,Waxing Crescent
2021-08-14,Waxing Crescent
2021-08-15,Waxing Crescent
2021-08-16,First Quarter
2021-08-17,First Quarter
2021-08-18,First Quarter
2021-08-19,First Quarter
2021-08-20,Waxing Gibbous
2021-08-21,Waxing Gibbous
2021-08-22,Waxing Gibbous
2021-08-23,Full Moon
2021-08-24,Full Moon
2021-08-25,Full Moon
2021-08-26,Full Moon
2021-08-27,Waning Gibbous
2021-08-28,Waning Gibbous
2021-08-29,Waning Gibbous
2021-08-30,Waning Gibbous
2021-08-31,Waning Gibbous
2021-09-01,Last Quarter
2021-09-02,Last Quarter
2021-09-03,Last Quarter
2021-09-04,Last Quarter
2021-09-05,Waning Crescent
2021-09-06,Waning Crescent
2021-09-07,New Moon
2021-09-08,New Moon
2021-09-09,New Moon
2021-09-10,New Moon
2021-09-11,Waxing Crescent
2021-09-12,Waxing Crescent
2021-09-13,Waxing Crescent
2021-09-14,First Quarter
2021-09-15,First Quarter
2021-09-16,First Quarter
2021-09-17,First Quarter
2021-09-18,Waxing Gibbous
2021-09-19,Waxing Gibbous
2021-09-20,Waxing Gibbous
2021-09-21,Waxing Gibbous
2021-09-22,Full Moon
2021-09-23,Full Moon
2021-09-24,Full Moon
2021-09-25,Full Moon
2021-09-26,Waning Gibbous
2021-09-27,Waning Gibbous
2021-09-28,Waning Gibbous
2021-09-29,Waning Gibbous
2021-09-30,Last Quarter
2021-10-01,Last Quarter
2021-10-02,Last Quarter
2021-10-03,Last Quarter
2021-10-04,Waning Crescent
2021-10-05,Waning Crescent
2021-10-06,Waning Crescent
2021-10-07,New Moon
2021-10-08,New Moon
2021-10-09,New Moon
2021-10-10,Waxing Crescent
2021-10-11,Waxing Crescent
2021-10-12,Waxing Crescent
2021-10-13,Waxing Crescent
2021-10-14,First Quarter
2021-10-15,First Quarter
2021-10-16,First Quarter
2021-10-17,Waxing Gibbous
2021-10-18,Waxing Gibbous
2021-10-19,Waxing Gibbous
2021-10-20,Waxing Gibbous
2021-10-21,Full Moon
2021-10-22,Full Moon
2021-10-23,Full Moon
2021-10-24,Full Moon
2021-10-25,Full Moon
2021-10-26,Waning Gibbous
2021-10-27,Waning Gibbous
2021-10-28,Waning Gibbous
2021-10-29,Waning Gibbous
2021-10-30,Last Quarter
2021-10-31,Last Quarter
2021-11-01,Last Quarter
2021-11-02,Last Quarter
2021-11-03,Waning Crescent
2021-11-04,Waning Crescent
2021-11-05,New Moon
2021-11-06,New Moon
2021-11-07,New Moon
2021-11-08,Waxing Crescent
2021-11-09,Waxing Crescent
2021-11-10,Waxing Crescent
2021-11-11,Waxing Crescent
2021-11-12,First Quarter
2021-11-13,First Quarter
2021-11-14,First Quarter
2021-11-15,First Quarter
2021-11-16,Waxing Gibbous
2021-11-17,Waxing Gibbous
2021-11-18,Waxing Gibbous
2021-11-19,Waxing Gibbous
2021-11-20,Full Moon
2021-11-21,Full Moon
2021-11-22,Full Moon
2021-11-23,Full Moon
2021-11-24,Full Moon
2021-11-25,Waning Gibbous
2021-11-26,Waning Gibbous
2021-11-27,Waning Gibbous
2021-11-28,Waning Gibbous
2021-11-29,Last Quarter
2021-11-30,Last Quarter
2021-12-01,Last Quarter
2021-12-02,Waning Crescent
2021-12-03,Waning Crescent
2021-12-04,New Moon
2021-12-05,New Moon
2021-12-06,New Moon
2021-12-07,New Moon
2021-12-08,Waxing Crescent
2021-12-09,Waxing Crescent
2021-12-10,Waxing Crescent
2021-12-11,First Quarter
2021-12-12,First Quarter
2021-12-13,First Quarter
2021-12-14,First Quarter
2021-12-15,First Quarter
2021-12-16,Waxing Gibbous
2021-12-17,Waxing Gibbous
2021-12-18,Waxing Gibbous
2021-12-19,Waxing Gibbous
2021-12-20,Full Moon
2021-12-21,Full Moon
2021-12-22,Full Moon
2021-12-23,Full Moon
2021-12-24,Waning Gibbous
2021-12-25,Waning Gibbous
2021-12-26,Waning Gibbous
2021-12-27,Waning Gibbous
2021-12-28,Last Quarter
2021-12-29,Last Quarter
2021-12-30,Last Quarter
2021-12-31,Last Quarter
2022-01-01,Waning Crescent
2022-01-02,Waning Crescent
2022-01-03,New Moon
2022-01-04,New Moon
2022-01-05,New Moon
2022-01-06,Waxing Crescent
2022-01-07,Waxing Crescent
2022-01-08,Waxing Crescent
2022-01-09,Waxing Crescent
2022-01-10,First Quarter
2022-01-11,First Quarter
2022-01-12,First Quarter
2022-01-13,First Quarter
2022-01-14,Waxing Gibbous
2022-01-15,Waxing Gibbous
2022-01-16,Waxing Gibbous
2022-01-17,Waxing Gibbous
2022-01-18,Waxing Gibbous
2022-01-19,Full Moon
2022-01-20,Full Moon
2022-01-21,Full Moon
2022-01-22,Full Moon
2022-01-23,Waning Gibbous
2022-01-24,Waning Gibbous
2022-01-25,Waning Gibbous
2022-01-26,Waning Gibbous
2022-01-27,Last Quarter
2022-01-28,Last Quarter
2022-01-29,Last Quarter
2022-01-30,Waning Crescent
2022-01-31,Waning Crescent
2022-02-01,New Moon
2022-02-02,New Moon
2022-02-03,New Moon
2022-02-04,New Moon
2022-02-05,Waxing Crescent
2022-02-06,Waxing Crescent
2022-02-07,Waxing Crescent
2022-02-08,Waxing Crescent
2022-02-09,First Quarter
2022-02-10,First Quarter
2022-02-11,First Quarter
2022-02-12,First Quarter
2022-02-13,Waxing Gibbous
2022-02-14,Waxing Gibbous
2022-02-15,Waxing Gibbous
2022-02-16,Waxing Gibbous
2022-02-17,Waxing Gibbous
2022-02-18,Full Moon
2022-02-19,Full Moon
2022-02-20,Full Moon
2022-02-21,Waning Gibbous
2022-02-22,Waning Gibbous
2022-02-23,Waning Gibbous
2022-02-24,Waning Gibbous
2022-02-25,Last Quarter
2022-02-26,Last Quarter
2022-02-27,Last Quarter
2022-02-28,Last Quarter
2022-03-01,Waning Crescent
2022-03-02,Waning Crescent
2022-03-03,New Moon
2022-03-04,New Moon
2022-03-05,New Moon
2022-03-06,New Moon
2022-03-07,Waxing Crescent
2022-03-08,Waxing Crescent
2022-03-09,Waxing Crescent
2022-03-10,Waxing Crescent
2022-03-11,First Quarter
2022-03-12,First Quarter
2022-03-13,First Quarter
2022-03-14,First Quarter
2022-03-15,Waxing Gibbous
2022-03-16,Waxing Gibbous
2022-03-17,Waxing Gibbous
2022-03-18,Waxing Gibbous
2022-03-19,Full Moon
2022-03-20,Full Moon
2022-03-21,Full Moon
2022-03-22,Full Moon
2022-03-23,Waning Gibbous
2022-03-24,Waning Gibbous
2022-03-25,Waning Gibbous
2022-03-26,Last Quarter
2022-03-27,Last Quarter
2022-03-28,Last Quarter
2022-03-29,Last Quarter
2022-03-30,Waning Crescent
2022-03-31,Waning Crescent
2022-04-01,New Moon
2022-04-02,New Moon
2022-04-03,New Moon
2022-04-04,New Moon
2022-04-05,Waxing Crescent
2022-04-06,Waxing Crescent
2022-04-07,Waxing Crescent
2022-04-08,Waxing Crescent
2022-04-09,Waxing Crescent
2022-04-10,First Quarter
2022-04-11,First Quarter
2022-04-12,First Quarter
2022-04-13,First Quarter
2022-04-14,Waxing Gibbous
2022-04-15,Waxing Gibbous
2022-04-16,Waxing Gibbous
2022-04-17,Waxing Gibbous
2022-04-18,Full Moon
2022-04-19,Full Moon
2022-04-20,Full Moon
2022-04-21,Waning Gibbous
2022-04-22,Waning Gibbous
2022-04-23,Waning Gibbous
2022-04-24,Waning Gibbous
2022-04-25,Last Quarter
2022-04-26,Last Quarter
2022-04-27,Last Quarter
2022-04-28,Waning Crescent
2022-04-29,Waning Crescent
2022-04-30,Waning Crescent
2022-05-01,New Moon
2022-05-02,New Moon
2022-05-03,New Moon
2022-05-04,New Moon
2022-05-05,Waxing Crescent
2022-05-06,Waxing Crescent
2022-05-07,Waxing Crescent
2022-05-08,Waxing Crescent
2022-05-09,First Quarter
2022-05-10,First Quarter
2022-05-11,First Quarter
2022-05-12,First Quarter
2022-05-13,Waxing Gibbous
2022-05-14,Waxing Gibbous
2022-05-15,Waxing Gibbous
2022-05-16,Waxing Gibbous
2022-05-17,Full Moon
2022-05-18,Full Moon
2022-05-19,Full Moon
2022-05-20,Waning Gibbous
2022-05-21,Waning Gibbous
2022-05-22,Waning Gibbous
2022-05-23,Waning Gibbous
2022-05-24,Last Quarter
2022-05-25,Last Quarter
2022-05-26,Last Quarter
2022-05-27,Last Quarter
2022-05-28,Waning Crescent
2022-05-29,Waning Crescent
2022-05-30,New Moon
2022-05-31,New Moon
2022-06-01,New Moon
2022-06-02,New Moon
2022-06-03,New Moon
2022-06-04,Waxing Crescent
2022-06-05,Waxing Crescent
2022-06-06,Waxing Crescent
2022-06-07,Waxing Crescent
2022-06-08,First Quarter
2022-06-09,First Quarter
2022-06-10,First Quarter
2022-06-11,First Quarter
2022-06-12,Waxing Gibbous
2022-06-13,Waxing Gibbous
2022-06-14,Waxing Gibbous
2022-06-15,Full Moon
2022-06-16,Full Moon
2022-06-17,Full Moon
2022-06-18,Full Moon
2022-06-19,Waning Gibbous
2022-06-20,Waning Gibbous
2022-06-21,Waning Gibbous
2022-06-22,Last Quarter
2022-06-23,Last Quarter
2022-06-24,Last Quarter
2022-06-25,Last Quarter
2022-06-26,Waning Crescent
2022-06-27,Waning Crescent
2022-06-28,Waning Crescent
2022-06-29,New Moon
2022-06-30,New Moon
2022-07-01,New Moon
2022-07-02,New Moon
2022-07-03,Waxing Crescent
2022-07-04,Waxing Crescent
2022-07-05,Waxing Crescent
2022-07-06,Waxing Crescent
2022-07-07,Waxing Crescent
2022-07-08,First Quarter
2022-07-09,First Quarter
2022-07-10,First Quarter
2022-07-11,Waxing Gibbous
2022-07-12,Waxing Gibbous
2022-07-13,Waxing Gibbous
2022-07-14,Waxing Gibbous
2022-07-15,Full Moon
2022-07-16,Full Moon
2022-07-17,Full Moon
2022-07-18,Waning Gibbous
2022-07-19,Waning Gibbous
2022-07-20,Waning Gibbous
2022-07-21,Waning Gibbous
2022-07-22,Last Quarter
2022-07-23,Last Quarter
2022-07-24,Last Quarter
2022-07-25,Last Quarter
2022-07-26,Waning Crescent
2022-07-27,Waning Crescent
2022-07-28,Waning Crescent
2022-07-29,New Moon
2022-07-30,New Moon
2022-07-31,New Moon
2022-08-01,New Moon
2022-08-02,Waxing Crescent
2022-08-03,Waxing Crescent
2022-08-04,Waxing Crescent
2022-08-05,Waxing Crescent
2022-08-06,First Quarter
2022-08-07,First Quarter
2022-08-08,First Quarter
2022-08-09,Waxing Gibbous
2022-08-10,Waxing Gibbous
2022-08-11,Waxing Gibbous
2022-08-12,Waxing Gibbous
2022-08-13,Full Moon
2022-08-14,Full Moon
2022-08-15,Full Moon
2022-08-16,Waning Gibbous
2022-08-17,Waning Gibbous
2022-08-18,Waning Gibbous
2022-08-19,Waning Gibbous
2022-08-20,Last Quarter
2022-08-21,Last Quarter
2022-08-22,Last Quarter
2022-08-23,Last Quarter
2022-08-24,Last Quarter
2022-08-25,Waning Crescent
2022-08-26,Waning Crescent
2022-08-27,New Moon
2022-08-28,New Moon
2022-08-29,New Moon
2022-08-30,New Moon
2022-08-31,Waxing Crescent
2022-09-01,Waxing Crescent
2022-09-02,Waxing Crescent
2022-09-03,Waxing Crescent
2022-09-04,First Quarter
2022-09-05,First Quarter
2022-09-06,First Quarter
2022-09-07,First Quarter
2022-09-08,Waxing Gibbous
2022-09-09,Waxing Gibbous
2022-09-10,Waxing Gibbous
2022-09-11,Full Moon
2022-09-12,Full Moon
2022-09-13,Full Moon
2022-09-14,Full Moon
2022-09-15,Waning Gibbous
2022-09-16,Waning Gibbous
2022-09-17,Waning Gibbous
2022-09-18,Waning Gibbous
2022-09-19,Last Quarter
2022-09-20,Last Quarter
2022-09-21,Last Quarter
2022-09-22,Last Quarter
2022-09-23,Last Quarter
2022-09-24,Waning Crescent
2022-09-25,Waning Crescent
2022-09-26,New Moon
2022-09-27,New Moon
2022-09-28,New Moon
2022-09-29,New Moon
2022-09-30,Waxing Crescent
2022-10-01,Waxing Crescent
2022-10-02,Waxing Crescent
2022-10-03,First Quarter
2022-10-04,First Quarter
2022-10-05,First Quarter
2022-10-06,First Quarter
2022-10-07,Waxing Gibbous
2022-10-08,Waxing Gibbous
2022-10-09,Waxing Gibbous
2022-10-10,Waxing Gibbous
2022-10-11,Full Moon
2022-10-12,Full Moon
2022-10-13,Full Moon
2022-10-14,Full Moon
2022-10-15,Waning Gibbous
2022-10-16,Waning Gibbous
2022-10-17,Waning Gibbous
2022-10-18,Waning Gibbous
2022-10-19,Last Quarter
2022-10-20,Last Quarter
2022-10-21,Last Quarter
2022-10-22,Last Quarter
2022-10-23,Waning Crescent
2022-10-24,Waning Crescent
2022-10-25,New Moon
2022-10-26,New Moon
2022-10-27,New Moon
2022-10-28,New Moon
2022-10-29,Waxing Crescent
2022-10-30,Waxing Crescent
2022-10-31,Waxing Crescent
2022-11-01,Waxing Crescent
2022-11-02,First Quarter
2022-11-03,First Quarter
2022-11-04,First Quarter
2022-11-05,Waxing Gibbous
2022-11-06,Waxing Gibbous
2022-11-07,Waxing Gibbous
2022-11-08,Waxing Gibbous
2022-11-09,Full Moon
2022-11-10,Full Moon
2022-11-11,Full Moon
2022-11-12,Full Moon
2022-11-13,Waning Gibbous
2022-11-14,Waning Gibbous
2022-11-15,Waning Gibbous
2022-11-16,Waning Gibbous
2022-11-17,Waning Gibbous
2022-11-18,Last Quarter
2022-11-19,Last Quarter
2022-11-20,Last Quarter
2022-11-21,Last Quarter
2022-11-22,Waning Crescent
2022-11-23,Waning Crescent
2022-11-24,New Moon
2022-11-25,New Moon
2022-11-26,New Moon
2022-11-27,New Moon
2022-11-28,Waxing Crescent
2022-11-29,Waxing Crescent
2022-11-30,Waxing Crescent
2022-12-01,First Quarter
2022-12-02,First Quarter
2022-12-03,First Quarter
2022-12-04,First Quarter
2022-12-05,Waxing Gibbous
2022-12-06,Waxing Gibbous
2022-12-07,Waxing Gibbous
2022-12-08,Waxing Gibbous
2022-12-09,Full Moon
2022-12-10,Full Moon
2022-12-11,Full Moon
2022-12-12,Full Moon
2022-12-13,Waning Gibbous
2022-12-14,Waning Gibbous
2022-12-15,Waning Gibbous
2022-12-16,Waning Gibbous
2022-12-17,Waning Gibbous
2022-12-18,Last Quarter
2022-12-19,Last Quarter
2022-12-20,Last Quarter
2022-12-21,Waning Crescent
2022-12-22,Waning Crescent
2022-12-23,New Moon
2022-12-24,New Moon
2022-12-25,New Moon
2022-12-26,New Moon
2022-12-27,Waxing Crescent
2022-12-28,Waxing Crescent
2022-12-29,Waxing Crescent
2022-12-30,First Quarter
2022-12-31,First Quarter
2023-01-01,First Quarter
2023-01-02,First Quarter
2023-01-03,Waxing Gibbous
2023-01-04,Waxing Gibbous
2023-01-05,Waxing Gibbous
2023-01-06,Waxing Gibbous
2023-01-07,Waxing Gibbous
2023-01-08,Full Moon
2023-01-09,Full Moon
2023-01-10,Full Moon
2023-01-11,Full Moon
2023-01-12,Waning Gibbous
2023-01-13,Waning Gibbous
2023-01-14,Waning Gibbous
2023-01-15,Waning Gibbous
2023-01-16,Last Quarter
2023-01-17,Last Quarter
2023-01-18,Last Quarter
2023-01-19,Last Quarter
2023-01-20,Waning Crescent
2023-01-21,Waning Crescent
2023-01-22,New Moon
2023-01-23,New Moon
2023-01-24,New Moon
2023-01-25,Waxing Crescent
2023-01-26,Waxing Crescent
2023-01-27,Waxing Crescent
2023-01-28,Waxing Crescent
2023-01-29,First Quarter
2023-01-30,First Quarter
2023-01-31,First Quarter
2023-02-01,First Quarter
2023-02-02,Waxing Gibbous
2023-02-03,Waxing Gibbous
2023-02-04,Waxing Gibbous
2023-02-05,Waxing Gibbous
2023-02-06,Waxing Gibbous
2023-02-07,Full Moon
2023-02-08,Full Moon
2023-02-09,Full Moon
2023-02-10,Full Moon
2023-02-11,Waning Gibbous
2023-02-12,Waning Gibbous
2023-02-13,Waning Gibbous
2023-02-14,Waning Gibbous
2023-02-15,Last Quarter
2023-02-16,Last Quarter
2023-02-17,Last Quarter
2023-02-18,Waning Crescent
2023-02-19,Waning Crescent
2023-02-20,New Moon
2023-02-21,New Moon
2023-02-22,New Moon
2023-02-23,New Moon
2023-02-24,Waxing Crescent
2023-02-25,Waxing Crescent
2023-02-26,Waxing Crescent
2023-02-27,Waxing Crescent
2023-02-28,First Quarter
2023-03-01,First Quarter
2023-03-02,First Quarter
2023-03-03,First Quarter
2023-03-04,Waxing Gibbous
2023-03-05,Waxing Gibbous
2023-03-06,Waxing Gibbous
2023-03-07,Waxing Gibbous
2023-03-08,Full Moon
2023-03-09,Full Moon
2023-03-10,Full Moon
2023-03-11,Full Moon
2023-03-12,Waning Gibbous
2023-03-13,Waning Gibbous
2023-03-14,Waning Gibbous
2023-03-15,Waning Gibbous
2023-03-16,Last Quarter
2023-03-17,Last Quarter
2023-03-18,Last Quarter
2023-03-19,Last Quarter
2023-03-20,Waning Crescent
2023-03-21,Waning Crescent
2023-03-22,New Moon
2023-03-23,New Moon
2023-03-24,New Moon
2023-03-25,Waxing Crescent
2023-03-26,Waxing Crescent
2023-03-27,Waxing Crescent
2023-03-28,Waxing Crescent
2023-03-29,First Quarter
2023-03-30,First Quarter
2023-03-31,First Quarter
2023-04-01,First Quarter
2023-04-02,First Quarter
2023-04-03,Waxing Gibbous
2023-04-04,Waxing Gibbous
2023-04-05,Waxing Gibbous
2023-04-06,Waxing Gibbous
2023-04-07,Full Moon
2023-04-08,Full Moon
2023-04-09,Full Moon
2023-04-10,Full Moon
2023-04-11,Waning Gibbous
2023-04-12,Waning Gibbous
2023-04-13,Waning Gibbous
2023-04-14,Waning Gibbous
2023-04-15,Last Quarter
2023-04-16,Last Quarter
2023-04-17,Last Quarter
2023-04-18,Waning Crescent
2023-04-19,Waning Crescent
2023-04-20,New Moon
2023-04-21,New Moon
2023-04-22,New Moon
2023-04-23,New Moon
2023-04-24,Waxing Crescent
2023-04-25,Waxing Crescent
2023-04-26,Waxing Crescent
2023-04-27,Waxing Crescent
2023-04-28,First Quarter
2023-04-29,First Quarter
2023-04-30,First Quarter
2023-05-01,First Quarter
2023-05-02,First Quarter
2023-05-03,Waxing Gibbous
2023-05-04,Waxing Gibbous
2023-05-05,Waxing Gibbous
2023-05-06,Waxing Gibbous
2023-05-07,Full Moon
2023-05-08,Full Moon
2023-05-09,Full Moon
2023-05-10,Waning Gibbous
2023-05-11,Waning Gibbous
2023-05-12,Waning Gibbous
2023-05-13,Waning Gibbous
2023-05-14,Last Quarter
2023-05-15,Last Quarter
2023-05-16,Last Quarter
2023-05-17,Waning Crescent
2023-05-18,Waning Crescent
2023-05-19,Waning Crescent
2023-05-20,New Moon
2023-05-21,New Moon
2023-05-22,New Moon
2023-05-23,New Moon
2023-05-24,Waxing Crescent
2023-05-25,Waxing Crescent
2023-05-26,Waxing Crescent
2023-05-27,Waxing Crescent
2023-05-28,First Quarter
2023-05-29,First Quarter
2023-05-30,First Quarter
2023-05-31,First Quarter
2023-06-01,Waxing Gibbous
2023-06-02,Waxing Gibbous
2023-06-03,Waxing Gibbous
2023-06-04,Waxing Gibbous
2023-06-05,Full Moon
2023-06-06,Full Moon
2023-06-07,Full Moon
2023-06-08,Waning Gibbous
2023-06-09,Waning Gibbous
2023-06-10,Waning Gibbous
2023-06-11,Waning Gibbous
2023-06-12,Last Quarter
2023-06-13,Last Quarter
2023-06-14,Last Quarter
2023-06-15,Last Quarter
2023-06-16,Waning Crescent
2023-06-17,Waning Crescent
2023-06-18,New Moon
2023-06-19,New Moon
2023-06-20,New Moon
2023-06-21,New Moon
2023-06-22,Waxing Crescent
2023-06-23,Waxing Crescent
2023-06-24,Waxing Crescent
2023-06-25,Waxing Crescent
2023-06-26,Waxing Crescent
2023-06-27,First Quarter
2023-06-28,First Quarter
2023-06-29,First Quarter
2023-06-30,First Quarter
2023-07-01,Waxing Gibbous
2023-07-02,Waxing Gibbous
2023-07-03,Waxing Gibbous
2023-07-04,Full Moon
2023-07-05,Full Moon
2023-07-06,Full Moon
2023-07-07,Full Moon
2023-07-08,Waning Gibbous
2023-07-09,Waning Gibbous
2023-07-10,Waning Gibbous
2023-07-11,Last Quarter
2023-07-12,Last Quarter
2023-07-13,Last Quarter
2023-07-14,Last Quarter
2023-07-15,Waning Crescent
2023-07-16,Waning Crescent
2023-07-17,Waning Crescent
2023-07-18,New Moon
2023-07-19,New Moon
2023-07-20,New Moon
2023-07-21,New Moon
2023-07-22,Waxing Crescent
2023-07-23,Waxing Crescent
2023-07-24,Waxing Crescent
2023-07-25,Waxing Crescent
2023-07-26,First Quarter
2023-07-27,First Quarter
2023-07-28,First Quarter
2023-07-29,First Quarter
2023-07-30,Waxing Gibbous
2023-07-31,Waxing Gibbous
2023-08-01,Waxing Gibbous
2023-08-02,Waxing Gibbous
2023-08-03,Full Moon
2023-08-04,Full Moon
2023-08-05,Full Moon
2023-08-06,Waning Gibbous
2023-08-07,Waning Gibbous
2023-08-08,Waning Gibbous
2023-08-09,Waning Gibbous
2023-08-10,Last Quarter
2023-08-11,Last Quarter
2023-08-12,Last Quarter
2023-08-13,Last Quarter
2023-08-14,Waning Crescent
2023-08-15,Waning Crescent
2023-08-16,New Moon
2023-08-17,New Moon
2023-08-18,New Moon
2023-08-19,New Moon
2023-08-20,New Moon
2023-08-21,Waxing Crescent
2023-08-22,Waxing Crescent
2023-08-23,Waxing Crescent
2023-08-24,Waxing Crescent
2023-08-25,First Quarter
2023-08-26,First Quarter
2023-08-27,First Quarter
2023-08-28,Waxing Gibbous
2023-08-29,Waxing Gibbous
2023-08-30,Waxing Gibbous
2023-08-31,Waxing Gibbous
2023-09-01,Full Moon
2023-09-02,Full Moon
2023-09-03,Full Moon
2023-09-04,Waning Gibbous
2023-09-05,Waning Gibbous
2023-09-06,Waning Gibbous
2023-09-07,Waning Gibbous
2023-09-08,Last Quarter
2023-09-09,Last Quarter
2023-09-10,Last Quarter
2023-09-11,Last Quarter
2023-09-12,Waning Crescent
2023-09-13,Waning Crescent
2023-09-14,Waning Crescent
2023-09-15,New Moon
2023-09-16,New Moon
2023-09-17,New Moon
2023-09-18,New Moon
2023-09-19,Waxing Crescent
2023-09-20,Waxing Crescent
2023-09-21,Waxing Crescent
2023-09-22,Waxing Crescent
2023-09-23,First Quarter
2023-09-24,First Quarter
2023-09-25,First Quarter
2023-09-26,First Quarter
2023-09-27,Waxing Gibbous
2023-09-28,Waxing Gibbous
2023-09-29,Waxing Gibbous
2023-09-30,Full Moon
2023-10-01,Full Moon
2023-10-02,Full Moon
2023-10-03,Full Moon
2023-10-04,Waning Gibbous
2023-10-05,Waning Gibbous
2023-10-06,Waning Gibbous
2023-10-07,Waning Gibbous
2023-10-08,Last Quarter
2023-10-09,Last Quarter
2023-10-10,Last Quarter
2023-10-11,Last Quarter
2023-10-12,Waning Crescent
2023-10-13,Waning Crescent
2023-10-14,Waning Crescent
2023-10-15,New Moon
2023-10-16,New Moon
2023-10-17,New Moon
2023-10-18,New Moon
2023-10-19,Waxing Crescent
2023-10-20,Waxing Crescent
2023-10-21,Waxing Crescent
2023-10-22,Waxing Crescent
2023-10-23,First Quarter
2023-10-24,First Quarter
2023-10-25,First Quarter
2023-10-26,Waxing Gibbous
2023-10-27,Waxing Gibbous
2023-10-28,Waxing Gibbous
2023-10-29,Waxing Gibbous
2023-10-30,Full Moon
2023-10-31,Full Moon
2023-11-01,Full Moon
2023-11-02,Waning Gibbous
2023-11-03,Waning Gibbous
2023-11-04,Waning Gibbous
2023-11-05,Waning Gibbous
2023-11-06,Waning Gibbous
2023-11-07,Last Quarter
2023-11-08,Last Quarter
2023-11-09,Last Quarter
2023-11-10,Last Quarter
2023-11-11,Waning Crescent
2023-11-12,Waning Crescent
2023-11-13,New Moon
2023-11-14,New Moon
2023-11-15,New Moon
2023-11-16,New Moon
2023-11-17,Waxing Crescent
2023-11-18,Waxing Crescent
2023-11-19,Waxing Crescent
2023-11-20,Waxing Crescent
2023-11-21,First Quarter
2023-11-22,First Quarter
2023-11-23,First Quarter
2023-11-24,Waxing Gibbous
2023-11-25,Waxing Gibbous
2023-11-26,Waxing Gibbous
2023-11-27,Waxing Gibbous
2023-11-28,Full Moon
2023-11-29,Full Moon
2023-11-30,Full Moon
2023-12-01,Full Moon
2023-12-02,Waning Gibbous
2023-12-03,Waning Gibbous
2023-12-04,Waning Gibbous
2023-12-05,Waning Gibbous
2023-12-06,Waning Gibbous
2023-12-07,Last Quarter
2023-12-08,Last Quarter
2023-12-09,Last Quarter
2023-12-10,Last Quarter
2023-12-11,Waning Crescent
2023-12-12,Waning Crescent
2023-12-13,New Moon
2023-12-14,New Moon
2023-12-15,New Moon
2023-12-16,New Moon
2023-12-17,Waxing Crescent
2023-12-18,Waxing Crescent
2023-12-19,Waxing Crescent
2023-12-20,First Quarter
2023-12-21,First Quarter
2023-12-22,First Quarter
2023-12-23,First Quarter
2023-12-24,Waxing Gibbous
2023-12-25,Waxing Gibbous
2023-12-26,Waxing Gibbous
2023-12-27,Waxing Gibbous
2023-12-28,Full Moon
2023-12-29,Full Moon
2023-12-30,Full Moon
2023-12-31,Full Moon
2024-01-01,Waning Gibbous
2024-01-02,Waning Gibbous
2024-01-03,Waning Gibbous
2024-01-04,Waning Gibbous
2024-01-05,Last Quarter
2024-01-06,Last Quarter
2024-01-07,Last Quarter
2024-01-08,Last Quarter
2024-01-09,Waning Crescent
2024-01-10,Waning Crescent
2024-01-11,Waning Crescent
2024-01-12,New Moon
2024-01-13,New Moon
2024-01-14,New Moon
2024-01-15,Waxing Crescent
2024-01-16,Waxing Crescent
2024-01-17,Waxing Crescent
2024-01-18,Waxing Crescent
2024-01-19,First Quarter
2024-01-20,First Quarter
2024-01-21,First Quarter
2024-01-22,Waxing Gibbous
2024-01-23,Waxing Gibbous
2024-01-24,Waxing Gibbous
2024-01-25,Waxing Gibbous
2024-01-26,Waxing Gibbous
2024-01-27,Full Moon
2024-01-28,Full Moon
2024-01-29,Full Moon
2024-01-30,Full Moon
2024-01-31,Waning Gibbous
2024-02-01,Waning Gibbous
2024-02-02,Waning Gibbous
2024-02-03,Waning Gibbous
2024-02-04,Last Quarter
2024-02-05,Last Quarter
2024-02-06,Last Quarter
2024-02-07,Last Quarter
2024-02-08,Waning Crescent
2024-02-09,Waning Crescent
2024-02-10,New Moon
2024-02-11,New Moon
2024-02-12,New Moon
2024-02-13,Waxing Crescent
2024-02-14,Waxing Crescent
2024-02-15,Waxing Crescent
2024-02-16,Waxing Crescent
2024-02-17,First Quarter
2024-02-18,First Quarter
2024-02-19,First Quarter
2024-02-20,First Quarter
2024-02-21,Waxing Gibbous
2024-02-22,Waxing Gibbous
2024-02-23,Waxing Gibbous
2024-02-24,Waxing Gibbous
2024-02-25,Full Moon
2024-02-26,Full Moon
2024-02-27,Full Moon
2024-02-28,Full Moon
2024-02-29,Full Moon
2024-03-01,Waning Gibbous
2024-03-02,Waning Gibbous
2024-03-03,Waning Gibbous
2024-03-04,Waning Gibbous
2024-03-05,Last Quarter
